Notas;
1 - ;Os dados de 2022 e 2023 estarão sujeitos a revisão na próxima publicação.
2 - ;Para os anos de 2022 e 2023 foram divulgados apenas o Produto Interno Bruto e o Produto Interno Bruto per capita, conforme a nota técnica 02/2024 do Sistema de Contas Nacionais, que pode ser acessada em https://biblioteca.ibge.gov.br/visualizacao/livros/liv102094.pdf.
3 - ;"O cálculo do Produto Interno Bruto per capita dos anos de 2010 a 2021 considerou a população residente da Estatística Estimativa da População, estimativa por município, com data de referência em 1º de julho de cada ano, enviada ao Tribunal de Contas da União - TCU. 
Em virtude da indisponibilidade da Estatística Estimativa da População para os anos de 2022 e 2023, foi utilizada a população do Censo Demográfico 2022. Para o ano de 2022, foi utilizada a primeira apuração do Censo Demográfico 2022; e para 2023, a Relação da População dos Municípios enviada ao TCU em 2023 com atualizações de limites territoriais que tenham sido comunicadas ao IBGE entre 1 de agosto de 2022 e 30 de abril de 2023, no âmbito dos acordos de cooperação técnica mantidos com órgãos estaduais, visando à consolidação dos limites."
4 - ;"Para a seleção das atividades econômicas com maior valor adicionado bruto foram consideradas as atividades:
Agricultura, inclusive apoio à agricultura e a pós colheita; 
Pecuária, inclusive apoio à pecuária;
Produção florestal, pesca e aquicultura; 
Indústrias extrativas; 
Indústrias de transformação; 
Eletricidade e gás, água, esgoto, atividades de gestão de resíduos e descontaminação;
Construção;
Comércio e reparação de veículos automotores e motocicletas; 
Administração, defesa, educação e saúde públicas e seguridade social; e
Demais serviços.

A classe Demais serviços compreende a agregação dos setores: 
Transporte, armazenagem e correio; 
Alojamento e alimentação; 
Informação e comunicação; 
Atividades financeiras, de seguros e serviços relacionados; 
Atividades imobiliárias; 
Atividades profissionais, científicas e técnicas, administrativas e serviços complementares;
Educação e saúde privadas; 
Artes, cultura, esporte e recreação e outras atividades de serviços e serviços domésticos."
